batch_size,best_accuracy,final_accuracy,f1_score
8,0.967741935483871,0.9602977667493796,0.9604325161976442
16,0.9702233250620348,0.9503722084367245,0.9505438685729312
32,0.9652605459057072,0.9578163771712159,0.9579825108873946
64,0.9578163771712159,0.9528535980148883,0.9529167869048651
128,0.9652605459057072,0.9652605459057072,0.9653625747453868
256,0.9578163771712159,0.9478908188585607,0.9478487954090609
