learning_rate,best_accuracy,final_accuracy,f1_score
1e-05,0.9404466501240695,0.9404466501240695,0.9403414326232044
5e-05,0.967741935483871,0.9578163771712159,0.9580123305133668
0.0001,0.9602977667493796,0.9578163771712159,0.9578051450981659
0.0005,0.9652605459057072,0.9503722084367245,0.9503778127989019
0.001,0.9627791563275434,0.9627791563275434,0.9628904892125902
0.005,0.9652605459057072,0.9627791563275434,0.9628812935419456
0.01,0.9702233250620348,0.9627791563275434,0.9628542670135924
